column,missing_pct,zero_pct,mean,std,nonzero_hours,total_rows
pv_mod1,5.000570841420253,50.108459869848154,0.6573957457036413,1.103134556278579,3932,8759
pv_mod2,5.605662746888914,52.90558282909008,0.5184240445089502,0.9256816452988587,3634,8759
pv_mod3,5.822582486585227,52.33474140883663,0.5871063159170808,1.0437737566925855,3665,8759
pv,0.0,52.90558282909008,0.6595650188377669,1.1064525214919072,4125,8759
