MAE,RMSE,nRMSE,model_name,evaluation
0.2154501055824686,0.36562962804230326,0.16619528074590548,XGBoost,Whole-train split
