model_name,MAE_mean,MAE_std,RMSE_mean,RMSE_std,nRMSE_mean,nRMSE_std
Naive,0.1319047619047619,0.12390669835791439,0.2157373817541397,0.20921395114084487,0.32635024843728605,0.06066547308566809
SeasonalNaive,0.18452380952380953,0.1414496637310054,0.3000343146923244,0.23893041526863126,0.6861523736253966,0.8242290509458974
XGBoost,0.22506459836448942,0.07056831621969073,0.297046443040405,0.10201015892095387,1.2462110712759336,0.8817747071750136
