Model,MAE,RMSE,nRMSE,Type,MAE_Improvement_%,nRMSE_Improvement_%
XGBoost (AR only),0.17455197186865043,0.3039661062865511,0.1381664119484323,Baseline,0.0,0.0
XGBoost (with exog),0.1724836638023162,0.30217044461979564,0.1373502020999071,With Exog,1.184923919330242,0.5907440433712934
ARIMA (AR only),0.2428215901147429,0.3685007639070859,0.1675003472304936,Baseline,0.0,0.0
ARIMAX (with exog),0.23596092429353419,0.3653412059179132,0.16606418450814234,With Exog,2.825393663704611,0.8574088030844381
