model,MAE,RMSE,nRMSE
ARIMAX,0.8538731173211576,0.9965570612788249,0.17033450317475995
XGBoost,0.9031931742875886,1.0610882516212985,0.1813643665647758
