Battery_capacity_kWh,Total_cost
5,3.8753406325455675
10,3.617921515895428
15,3.380534018950727
