MAE,RMSE,nRMSE,model_name,evaluation
0.2148228817515903,0.271483398042789,0.29833341050024903,XGBoost,Whole-train split (ML)
