model,MAE,RMSE,nRMSE
ARIMAX,0.8540328801621966,0.9969096942073343,0.17039477624593125
XGBoost,0.9031931742875886,1.0610882516212985,0.1813643665647758
