MAE,RMSE,nRMSE,model_name,evaluation
0.1485457867383957,0.1922299552584449,1.0679441534439615,XGBoost,Whole-train split
