test,statistic,p_value,lag
ADF,-11.773439492482783,1.0763263023844144e-21,30
KPSS,1.2271578107004562,0.01,32
