test,statistic,p_value,lag
ADF,-11.77343949248274,1.0763263023846463e-21,30
KPSS,1.2271578107004564,0.01,32
