Test,Statistic,p-value,Critical 5%,Conclusion,Series
ADF,-11.773439492482783,1.0763263023844144e-21,-2.86187117030305,Stationary,Original
KPSS,1.2271578107004562,0.01,0.463,Non-Stationary,Original
ADF,-24.629137669930152,0.0,-2.861871360139148,Stationary,Differenced
KPSS,0.029878086483893077,0.1,0.463,Stationary,Differenced
