model_name,MAE,RMSE,nRMSE,evaluation
"ARIMA(2,1,2)",0.2433422534756789,0.3335871017788913,0.2885998763070249,Walk-forward mean
"SARIMA(1,1,1)(1,1,1,24)",0.19821074879652772,0.3062860750906123,0.27479504279449063,Walk-forward mean
"SARIMA(2,1,1)(0,1,1,24)",0.20014677333937678,0.3085546699231994,0.27897875099586417,Walk-forward mean
